Rank,Name,Email,Phone,Skills,Score,Similarity %,Missing Skills,Recommendation
1,Alex Johnson,user3@email.com,+91-9876500003,"Python, R, SQL, TensorFlow, Scikit-learn, Linux, GCP, Git, Machine Learning, Statistics",75,27.27,"PySpark, distributed computing, AWS, ETL pipeline design, Pandas, NumPy, Apache Airflow, orchestration, Docker, Kafka, Scala, PyTorch",Alex has a strong foundation in data science and machine learning but should focus on bridging the skill gaps in big data technologies and cloud services.
2,Nisha Verma,user10@email.com,+91-9876500010,"Python, R, SQL, TensorFlow, Scikit-learn, Linux, GCP, Git, Machine Learning, Statistics",75,27.27,"PySpark, distributed computing, AWS, ETL pipeline design, Pandas, NumPy, Apache Airflow, orchestration, Docker, Kafka, Scala, PyTorch",Nisha has a strong foundation in data science and machine learning but should focus on bridging the skill gaps in big data technologies and cloud services.
3,Rahul Mehta,user5@email.com,+91-9876500005,"Python, R, SQL, TensorFlow, Scikit-learn, Linux, GCP, Git, Machine Learning, Statistics",75,27.27,"PySpark, distributed computing, AWS, ETL pipeline design, Pandas, NumPy, Apache Airflow, orchestration, Docker, Kafka, Scala, PyTorch",Rahul has a strong foundation in data science and machine learning but should focus on bridging the skill gaps in big data technologies and cloud services.
4,John Doe,user1@email.com,+91-9876500001,"Python, R, SQL, TensorFlow, Scikit-learn, Linux, GCP, Git, Machine Learning, Statistics",75,27.27,"PySpark, distributed computing, AWS, ETL pipeline design, Pandas, NumPy, Apache Airflow, orchestration, Docker, Kafka, Scala, PyTorch",Strong candidate with solid foundational skills; should focus on bridging the skill gaps for enhanced opportunities.
5,Alex Johnson,user3@email.com,+91-9876500003,"Python, R, SQL, TensorFlow, Scikit-learn, Linux, GCP, Git, Machine Learning, Statistics",75,27.27,"PySpark, distributed computing, AWS, ETL pipeline design, Pandas, NumPy, Apache Airflow, orchestration, Docker, Kafka, Scala, PyTorch",Alex has a strong foundation in data science and machine learning but should focus on bridging the skill gaps in big data technologies and cloud services.
6,Sophia Patel,user6@email.com,+91-9876500006,"Python, R, SQL, TensorFlow, Scikit-learn, Linux, GCP, Git, Machine Learning, Statistics",75,27.27,"PySpark, distributed computing, AWS, ETL pipeline design, Pandas, NumPy, Apache Airflow, orchestration, Docker, Kafka, Scala, PyTorch",Sophia has a strong foundation in data science and machine learning but should focus on bridging her skill gaps in big data technologies and cloud services.
7,Arjun Nair,user7@email.com,+91-9876500007,"Python, R, SQL, TensorFlow, Scikit-learn, Linux, GCP, Git, Machine Learning, Statistics",70,27.27,"PySpark, distributed computing, AWS, ETL pipeline design, Pandas, NumPy, Apache Airflow, orchestration, Docker, Kafka, Scala, PyTorch",Arjun has a strong foundation in data science and machine learning but should focus on bridging the skill gaps in big data technologies and cloud services.
8,Emily Carter,user8@email.com,+91-9876500008,"Python, R, SQL, TensorFlow, Scikit-learn, Linux, GCP, Git, Machine Learning, Statistics",65,27.27,"PySpark, distributed computing, AWS, ETL pipeline design, Pandas, NumPy, Apache Airflow, orchestration, Docker, Kafka, Scala, PyTorch",Emily has a strong foundation in data science and machine learning but should focus on bridging her skill gaps in big data technologies and cloud services.
9,John Doe,john.doe@email.com,+91-9876543210,"Python, JavaScript, SQL, Django, Flask, React, Pandas, NumPy, Git, Docker, AWS, Linux, Data Analysis, REST APIs, Machine Learning Basics",75,26.92,"PySpark, distributed computing, GCP, ETL pipeline design, Apache Airflow, orchestration, Machine Learning, Kafka, Scala, TensorFlow, PyTorch",John has a solid foundation in software development but should focus on bridging the skill gaps in data engineering and machine learning.
10,Priya Sharma,user2@email.com,+91-9876500002,"Python, Java, SQL, Django, Flask, React, Git, Docker, AWS, Data Analysis, REST APIs",75,20.83,"PySpark, distributed computing, GCP, ETL pipeline design, Pandas, NumPy, Apache Airflow, orchestration, Machine Learning, Kafka, Scala, TensorFlow, PyTorch",Priya has a solid foundation in software development but should focus on bridging the skill gaps in data engineering and machine learning.
11,Priya Sharma,user2@email.com,+91-9876500002,"Python, Java, SQL, Django, Flask, React, Git, Docker, AWS, Data Analysis, REST APIs",75,20.83,"PySpark, distributed computing, GCP, ETL pipeline design, Pandas, NumPy, Apache Airflow, orchestration, Machine Learning, Kafka, Scala, TensorFlow, PyTorch",Priya has a strong foundation in software development but should focus on bridging the skill gaps in data processing and machine learning.
12,Sneha Reddy,user4@email.com,+91-9876500004,"Python, Java, SQL, Django, Flask, React, Git, Docker, AWS, Data Analysis, REST APIs",75,20.83,"PySpark, distributed computing, GCP, ETL pipeline design, Pandas, NumPy, Apache Airflow, orchestration, Machine Learning, Kafka, Scala, TensorFlow, PyTorch",Strong candidate with solid programming skills; focus on bridging the skill gaps in data engineering and machine learning.
